#,tdl,"We would like to collect some information about people that take part in this survey. We would like to be able to follow up any suggestions made as necessary; all data and responses will, of course, be kept confidential and not identified if used in any publication. We'd also like to know whether respondants are ontology developers, ontology users, paper readers, authors or reviewers (and possibly all). it is optional as to whether participants give this information.Your name (optional):",Your email (optional):,Ontology developer,Ontology user,Read papers on ontologies,Author papers on ontologies,Review papers on ontologies,In your main job are you:,Other,The BasicsThe ontology name,The BasicsThe ontology owner or group of people responsible.,The BasicsThe license under which it can be used.,The BasicsThe URL of the current ontology location.,The BasicsThe repository which includes current and previous versions of the ontology.,Any further comments on the Basics section.,Motivation for the ontology.Details on why an ontology is needed?,"Motivation for the ontology.Competition: If there is another ontology in the area, description on why the one being reported is needed instead/in addition.","Motivation for the ontology.The target audience; who, what, where, when.",Any further comments on the Motivation section.,"Scope, requirement, community.The scope and remit of the ontology.","Scope, requirement, community.The community that is being engaged and how it is being done.","Scope, requirement, community.Email list and issue tracking mechanism.","Any further comments on the Scope, Requirements, Community section.","Knowledge Elicitation.Detail on how the knowledge in the ontology was found, sorted, verified etc.","Knowledge Elicitation.The 'raw data' location, if applicable.",Knowledge Elicitation.The prioritisation of features. Which features were prioritised and how?,Any further comments on the Knowledge Elicitation section.,Ontology Content.The knowledge representation language used  and why.,Ontology Content.The development environment used,"Ontology Content.Number of classes, properties, axioms, etc.",Ontology Content.Versions of external ontologies consumed in the ontology.,Ontology Content.Naming conventions for ontology entities.,Ontology Content.The entity identifier generation policy,Ontology Content.The entity metadata policy - was a selection of properties used to describe each class.,"Ontology Content.If an upper ontology used, which one is used and why. If not, why.","Ontology Content.The relationships used in the ontology, which were used and why.",Ontology Content.Axiom or statement patterns used in describing ontology classes.,Any further comments on the Ontology Content section.,Managing Change.Sustainability plan.,Managing Change.Deprecation strategy for ontology entities.,Managing Change.The versioning policy of the ontology.,Any further comments on the Managing Change section.,Quality AssuranceDescription of testing performed on the ontology.,Quality AssuranceEvaluation of the ontology. Does the ontology accomplish the original requirements?,Quality AssuranceExamples of the ontology's usage.,Any further comments on the Quality Assurance section.,"If you had to pick one thing that was most important when deciding on whether you would use an ontology, what would it be?",If you have any other comments you wish to include please do so in the box below. Alternatively you can email Robert Stevens (Robert Stevens robert.stevens@manchester.ac.uk) or James Malone (james@factbio.com)Click submit below to complete the survey and send us your answers!,Start Date (UTC),Submit Date (UTC),Network ID
20a309a1c35d12f6fb51be8299798c2f,none,anonymised,anonymised,,,,,,,,5,5,5,5,4,How to cite the ontology,4,3,3,Example use cases for the ontology,4,3,5,,4,4,3,,3,3,3,3,4,3,4,4,4,5,,4,5,4,,4,4,5,,Is it open. ,,2016-03-02 10:50:15,2016-03-02 10:59:02,f9686c65d7
a355790aadbbbf3ea34140fc1668fd9a,none,anonymised,anonymised,Ontology developer,Ontology user,Read papers on ontologies,Author papers on ontologies,Review papers on ontologies,An academic employee,,5,5,5,5,4,,4,4,4,,3,4,5,,3,3,3,,4,4,4,4,4,4,4,4,4,4,,5,4,4,,4,3,3,,"does it fit my requirements, and if not, what are the obstacles to overcome?",,2016-04-06 06:35:53,2016-04-06 06:42:03,a064d7a399
7f011a78ff47ddebd9e73807f7967dd7,uk,anonymised,anonymised,Ontology developer,Ontology user,Read papers on ontologies,Author papers on ontologies,Review papers on ontologies,An academic employee,,5,5,5,5,5,,4,3,3,,4,3,3,,4,4,2,,3,2,2,3,2,3,2,2,2,3,"You missed Tawny-OWL in editing environments, curse you.",3,3,3,,4,1,3,"No point at all asking whether an ontology fulfils it's original requirements -- people will just say ""yes"" and change the requirements to fit.","A very defined and minimal set of dependencies, so that I do not end up importing the entire world.",,2016-04-11 10:48:08,2016-04-11 10:53:35,f04e52b0a6
dc2619f1079ab33c673baf8f3a3307cd,com,anonymised,anonymised,Ontology developer,Ontology user,Read papers on ontologies,Author papers on ontologies,,A public sector/not-for profit employee,,5,5,5,5,4,,4,5,3,,4,3,5,,5,3,4,,5,4,3,5,5,5,5,5,5,5,,5,5,5,,5,5,5,,whether it is being constantly updated or not,,2016-04-11 11:00:08,2016-04-11 11:06:48,bcb060e245
ee3bd5dfdabb13478d8cd27d1d4e5884,none,anonymised,anonymised,Ontology developer,Ontology user,Read papers on ontologies,Author papers on ontologies,Review papers on ontologies,An academic employee,,5,5,4,5,5,,3,3,4,,5,5,5,,3,2,2,,2,2,4,5,3,5,3,3,4,3,,4,5,5,,4,5,3,,Coverage,,2016-04-11 12:04:47,2016-04-11 12:07:43,2a9d11d151
43d89a6a28ecbfe07eb8c2a9bf2b4235,uk,anonymised,anonymised,Ontology developer,Ontology user,Read papers on ontologies,,,A public sector/not-for profit employee,,5,5,5,5,5,"Should include the version number(s) for which the report holds valid. Also, if the ontology includes optional extensions and localisations such as term translations or optional classes, information on the configuration being reported on and which versions of optional components were used.",5,5,5,"If the ontology has multiple sponsors, and where those sponsors may differ in their motivation, a description of the processes by which their differing development priorities are managed.",5,5,5,The scope and requirements an ontology should change over time. Whilst its useful to describe the current scope and requirements - e.g. point to a high level 5 year development plan - a report could also describe any governance processes that control how scope and requirements can change.,5,2,4,Full disclosure of how knowledge was elicited and prioritised could be an onerous requirement for the larger ontologies to create and the reader to absorb. Quite likely also not very edifying for either due to sheer scale.,5,3,5,3,3,3,3,4,4,3,Large and complex ontologies can not realistically briefly document all metamodel patterns and rules that the ontology-proper must follow.,5,5,5,"Change Management discussion should include extent to which there is support for users of other older or competing ontologies wishing to migrate to the one being reported (mappings, data migration tools, data cleansing etc).",5,3,5,,Support for migration of existing data and of data capture and analysis artefacts seems to be the sine qua non,,2016-04-11 11:51:01,2016-04-11 12:27:21,e9bfa62a96
04dbf43ef51799c04d3500c73133dbfa,org,anonymised,anonymised,Ontology developer,Ontology user,Read papers on ontologies,Author papers on ontologies,Review papers on ontologies,A public sector/not-for profit employee,,5,5,5,5,5,,5,5,5,"I've put five stars for all of these, but really the ""competition"" one is the most important.",5,5,5,,5,3,5,,5,1,3,3,4,5,5,5,5,5,,5,5,5,,5,5,5,,Extent of coverage,,2016-04-11 15:23:17,2016-04-11 15:26:33,a8596053ba
049babf76d90c11510ae19862e4d5e5f,none,anonymised,anonymised,Ontology developer,Ontology user,Read papers on ontologies,Author papers on ontologies,Review papers on ontologies,An academic employee,,5,5,4,5,4,,4,4,4,,4,4,4,,4,3,4,,3,3,3,3,3,3,4,4,3,4,,4,2,3,,3,4,5,,"Evidence that the ontology was not just a ""one-off"" type of project.",,2016-04-11 17:49:43,2016-04-11 17:55:22,f37b4b8610
df6678e0b5818eab7623e93fcdc50674,none,anonymised,anonymised,Ontology developer,Ontology user,Read papers on ontologies,Author papers on ontologies,Review papers on ontologies,An academic employee,,5,4,5,3,4,,5,5,5,,5,3,3,,4,2,4,,3,2,2,3,4,2,2,4,3,3,,3,2,3,,4,4,5,,quality,,2016-04-11 18:31:31,2016-04-11 18:34:47,12a9f48e89
466d0cd94064a115abef38f73494edb8,none,anonymised,anonymised,Ontology developer,Ontology user,Read papers on ontologies,Author papers on ontologies,Review papers on ontologies,An academic employee,,5,5,5,5,5,The competency questions that the ontology is designed to address,5,2,5,,5,5,4,,3,2,3,,5,5,3,5,3,4,3,5,3,3,,5,3,3,,4,4,3,,Does the ontology's content and organization such that it adds significant value to my work.,,2016-04-11 18:32:58,2016-04-11 18:41:00,85fc623fa1
a33cf1e1a8ce85129ec9c0201fe597ae,de,anonymised,anonymised,Ontology developer,Ontology user,Read papers on ontologies,Author papers on ontologies,Review papers on ontologies,An academic employee,,5,5,4,5,3,,4,4,3,"It is nice to see plausible use cases in ontology papers, and if there is any ""elegant"" modelling involved, the assumptions and modelling decisions should be described.",3,3,3,"There is still no good ""ontology website in a box"" software, and probably the majority of ontologies have sucky websites (I would not exclude a certain ontology I know well, but we are trying!). ",5,4,3,,5,1,3,3,3,3,4,3,5,5,"Important. I have seen few papers that do a good job explaining much of this, e.g., where does an upper ontology really help and what this or the other one was chosen.",4,4,4,,5,5,5,,Utility for one or more tasks at hand.,,2016-04-11 19:30:34,2016-04-11 19:38:12,75f6e01aba
908e582489e30e9fe477fd55da5aacdd,com,anonymised,anonymised,Ontology developer,Ontology user,Read papers on ontologies,Author papers on ontologies,Review papers on ontologies,An academic employee,,5,5,5,5,4,Report issue tracker,3,3,3,,4,4,3,,4,3,4,,4,4,3,4,4,4,4,4,5,5,,4,4,4,,4,4,4,,definition of terms,,2016-04-11 18:18:28,2016-04-11 20:56:13,00ab912613
2c2f327c91038e5e0989a87894a20cf0,none,anonymised,anonymised,Ontology developer,Ontology user,Read papers on ontologies,,,An academic employee,,5,5,5,5,4,,4,5,4,,4,4,5,,4,3,3,,5,5,5,5,4,5,4,5,5,4,,5,5,5,,5,3,5,,,,2016-04-11 21:27:52,2016-04-11 21:34:46,94c364afbd
daaf9589695b7ce98ccad8fb13a15810,edu,anonymised,anonymised,Ontology developer,,Read papers on ontologies,,Review papers on ontologies,An academic employee,,5,5,5,5,5,"For an OWL ontology I would consider its profile (DL, EL, RL, QL) as a fundamental ""basic"" piece of information to be included here.",5,5,5,,5,3,3,"Some ontologies are designed from scratch to stay within a specific profile (e.g., EL) for computational benefits. Perhaps an extra question for this section is: was the modeling compromised by computational requirements? As in, did one trade-off modeling completeness for performance.",5,4,4,,5,4,4,5,4,4,3,1,3,2,"I'm not 100% sure what you mean by ""relationships"" in question 31. Do you mean the kinds of OWL restrictions used (e.g., existential, cardinality restrictions...)? I answered with that interpretation. I would like to know the expressivity of the ontology, as well as the (rough) frequency with which particular constructs were used.",5,3,4,I would like to know what tools were used for inspecting and managing changes.,4,4,2,Frameworks/tools used for quality assurance.,Logically sound modeling.,,2016-04-11 20:24:14,2016-04-11 22:04:02,884f8d558d
bf24699756d1ae7ad6ba724c6e0edc35,none,anonymised,anonymised,Ontology developer,Ontology user,Read papers on ontologies,Author papers on ontologies,Review papers on ontologies,An academic employee,,5,5,5,5,5,,5,5,5,,5,5,5,,5,5,5,,5,,3,5,5,5,5,5,5,3,,5,5,5,,3,5,5,,how well we can describe the knowledge using this ontology.,"Every new ontology being proposed or submitted, should be asked to give a flash-talk, poster and submit short(4-page) paper at the ICBO of that or the following year. I suggest creating a section for it. That's the best way to highlight the new submissions. It can start from ICBO 2016.",2016-04-11 22:25:31,2016-04-11 22:32:21,d03d860180
fe7a903d630cb0e87d2784553af3e862,com,anonymised,anonymised,Ontology developer,Ontology user,Read papers on ontologies,Author papers on ontologies,Review papers on ontologies,An academic employee,,5,5,5,5,4,,5,5,5,,4,4,5,,5,5,4,,5,2,3,4,4,4,5,5,4,5,,5,4,4,,4,4,5,,Yikes.  Very hard to decide just one thing.  I'd have to say available under an open license like CC.   Otherwise can't even begin to asses other stuff.,,2016-04-11 23:30:36,2016-04-11 23:33:55,d8ade2063f
8a82d0c0f84f93989e6ad5d5f86d86a7,none,anonymised,anonymised,Ontology developer,Ontology user,Read papers on ontologies,Author papers on ontologies,Review papers on ontologies,An academic employee,,5,5,5,5,4,"Version of the ontology used/described, e.g., data, version number, etc.",4,4,4,,4,3,3,,4,3,3,,5,5,4,4,3,3,3,4,4,4,,4,4,4,,4,5,4,,Fitness for purpose,,2016-04-12 05:35:12,2016-04-12 05:40:37,45312f16b6
87d5439ab2d651e89f08bb0422dab215,none,anonymised,anonymised,,,,,,,,5,1,5,5,1,,2,1,1,,1,1,2,,3,2,2,,1,1,1,3,1,1,1,1,2,2,,1,1,1,,3,1,3,,,,2016-04-12 07:44:53,2016-04-12 07:48:33,6c9c097aac
d4b10cce66a70ebc6c8576a47be553e3,se,anonymised,anonymised,Ontology developer,Ontology user,Read papers on ontologies,Author papers on ontologies,Review papers on ontologies,An academic employee,,5,5,5,5,4,,5,5,4,,5,4,3,,5,3,4,,5,3,4,5,4,4,4,4,5,4,,5,4,4,,3,5,4,,Applicability to the intendend use with properly and thoroughly thought terms.,,2016-04-12 07:44:28,2016-04-12 07:52:32,a35756c2f6
919b61376bf098c1e0198c51dd873e9d,edu,anonymised,anonymised,Ontology developer,Ontology user,Read papers on ontologies,Author papers on ontologies,Review papers on ontologies,An academic employee,,5,5,5,5,5,publication that describes the ontology and its utility in the domain.,4,3,1,,3,4,5,,3,2,3,,4,1,3,4,2,5,5,2,4,4,,4,4,5,,4,4,5,,coverage of concepts and relations required.,,2016-04-12 08:06:50,2016-04-12 08:13:32,b8a8e9e9fc
30965fc0e481c6b1f12875535bc4ff96,com,anonymised,anonymised,Ontology developer,Ontology user,Read papers on ontologies,Author papers on ontologies,Review papers on ontologies,A private sector employee,,2,4,4,5,2,,5,5,4,,3,3,2,,4,1,1,,5,1,5,2,4,1,2,3,5,5,,3,2,3,,4,4,5,,Active ontology development,"- availability in various formats (e.g. OBO, OWL, RDF) is important
- how should I cite the ontology I am interested in?
- coverage: a ""shallow"" ontology is not interesting...
- examples should be carefully chosen
- interoperability with other ontologies
- roadmap: where they want to go in the future?
- I hate ontologies that don't reuse others ...",2016-04-12 07:18:42,2016-04-12 08:18:10,9cab57e39a
df10030c693f170231c784523245cd50,it,anonymised,anonymised,Ontology developer,Ontology user,Read papers on ontologies,Author papers on ontologies,Review papers on ontologies,An academic employee,,5,5,5,5,5,,5,5,5,The application(s) for which this ontology has been primarily developed.,5,5,5,"Typical application scenario, interoperability with other ontologies, is it meant to be a standard,list of known applications already existing, typical questions the ontology is able to answer to.",5,5,5,Which databases can the ontology connect to?,5,1,2,5,5,5,1,5,5,2,,5,5,5,,5,5,5,,Exact purpose and real applications of the ontology.,,2016-04-12 09:05:52,2016-04-12 09:14:03,cb34c8c807
ffc5d5bcb841883c7b46410b143f39a5,com,anonymised,anonymised,Ontology developer,Ontology user,Read papers on ontologies,Author papers on ontologies,,An academic employee,,5,5,5,5,4,"Primary format and ancillary formats, e.g. developed in OWL but available in OWL and OBO... ",3,4,3,,3,4,3,,3,4,3,,5,3,3,5,3,3,5,5,3,3,,5,5,5,,3,3,3,,"I would want it to be in OWL. If we move past this most basic of requirements, then the one thing I would choose was good integration with other appropriate ontologies.","As it is a minimal information document that you are trying to build, I assigned many important features as 3 star, or unimportant to a MI document. MI documents are about reproducibility and clear understanding for other groups making use of any given ontology. As much as I think entity identifier generation policy and deprecation policies are supremely useful, I think enforcing these in a MI document might be troublesome. You just need a very few items in a MI document - but perhaps you can have a secondary, not-so-minimal document that would be a ""best practices"". In any case, the implementation of the MI document - how easy it is for people to provide the information - will be the main determining factor in its success, IMHO. Good luck - sounds like lots of fun to write! :)",2016-04-12 09:03:48,2016-04-12 09:16:15,65a7c2a0f8
812d51ea1a7f71fea68c4ad93fbb0ce7,com,anonymised,anonymised,,Ontology user,Read papers on ontologies,,Review papers on ontologies,An academic employee,,5,4,4,5,5,,5,5,5,,5,3,3,"The requirements should be made explicit, and referred back to in the evaluation section.",5,4,4,"If ontologies rely on expert knowledge rather than books and databases, these experts should be either named or at least described.",5,3,4,5,3,3,3,4,4,4,"One of the key reporting features is expressivity: RDFS, one of the OWL Profiles or perhaps even description logic (ALC, etc). That way, users get an immediate sense of the complexity of the ontology, and an idea of which reasoners, if any, they might need to employ.",3,3,3,"I think every ontology should have a DOI, that links to a website providing information about its development and content.",5,5,5,"This is the most important part I believe. There should be a clear relationship between the original requirements and the evaluation. If reasoning might be needed, obtain some classification times. If the target was to classify genetic profiles, show that it does and how the ontology is used to generate additional benefits. To be very honest, while I understand that ontology description papers are extremely common now, without evaluation, they should not be considered for a conference or a journal.",Authors requirements match mine.,"While this survey software is beautiful, it is not  the most usability proved one :P",2016-04-12 09:11:23,2016-04-12 09:31:33,8b421815c7
58238aa9cede4db381709dcb2a131380,com,anonymised,anonymised,Ontology developer,Ontology user,Read papers on ontologies,Author papers on ontologies,Review papers on ontologies,An academic employee,,5,5,5,5,4,Initial release date?,3,4,4,Would be good to require that the main motivational statement should feature one or more use cases (might also be a good way to clarify need when there is 'competition').,4,3,5,The first two scope questions seem redundant against the motivational statements required just before.,3,3,4,"This kind of stuff is interesting and useful and seems suited to a paper, but that's (to my mind) not the same as an MI list. In a notional RDF record accompanying the paper, would this sort of thing go in?",5,3,4,5,5,5,5,5,5,4,,4,5,5,,4,4,5,,"Consistency, in both content and design.","I'd like to see some kind of high-level diagram included amongst the requirements (maybe as a link rather than in the paper, but somewhere).",2016-04-12 09:47:38,2016-04-12 10:06:36,bb8cfb87bd
192efc10731b36c483566cbfbc9f6108,none,anonymised,anonymised,Ontology developer,Ontology user,Read papers on ontologies,Author papers on ontologies,Review papers on ontologies,An academic employee,,5,4,4,4,5,,3,3,4,,3,3,4,,3,3,3,,5,2,2,4,2,4,3,2,3,4,Interested to know if any use of formal design patterns (Q32 kind of covers this).  Also important to know how any design patterns fit with intended patterns of inferred classification.,4,5,4,Is inference used to manage classification sustainably as the ontology grows?,3,4,3,,"Are there editors who are bright and responsive?  A broken ontology with intelligent, responsive editors can be fixed.  A well structured ontology that can't adapt to user needs can be problematic.",,2016-04-12 10:14:35,2016-04-12 10:26:30,5f00db4dab
11a05f97dc66713ba863d0b5c60c479b,com,anonymised,anonymised,Ontology developer,Ontology user,Read papers on ontologies,,,A private sector employee,,5,5,4,5,3,,4,4,4,,5,3,4,,5,4,5,,5,3,5,4,4,3,4,3,4,4,,5,3,4,,4,4,5,,Content and scope,,2016-04-12 10:25:27,2016-04-12 10:37:37,52175a2bf1
298ddddd3b46663fa1b4b3102e5c4ac1,none,anonymised,anonymised,,Ontology user,,,,An academic employee,,5,1,2,5,3,,1,4,4,,5,4,1,,4,4,4,,3,3,4,4,4,1,4,3,3,3,,1,3,2,,5,5,5,,,,2016-04-12 10:52:53,2016-04-12 10:57:23,202dc291d8
1d53af0a5af4895ed8e5c5deebd69d90,net,anonymised,anonymised,,,Read papers on ontologies,Author papers on ontologies,Review papers on ontologies,A student,,5,5,4,4,3,,5,5,5,,5,4,3,,3,2,4,,5,3,5,5,4,4,4,4,4,4,,3,2,2,,4,4,4,,,"Please bear in mind that I am completing this as someone researching representation languages and someone  who reviews papers, rather than a user of ontologies.",2016-04-12 11:00:16,2016-04-12 11:10:00,8a7f25078f
8dfd8269045699f93221cfcb2e8ad2dc,org,anonymised,anonymised,Ontology developer,,,,,An academic employee,,4,3,3,3,4,,3,3,3,,3,4,4,,3,3,4,,4,3,3,5,4,5,5,3,5,3,,2,2,3,,3,4,4,,,,2016-04-12 12:10:03,2016-04-12 12:13:49,9ba20802c1
cc985dd0193d9582d044646f11aff4f9,none,anonymised,anonymised,Ontology developer,Ontology user,Read papers on ontologies,Author papers on ontologies,Review papers on ontologies,A private sector employee,,5,5,5,5,5,Frequency of updates/releases and if still actively developed,5,5,5,if aligned to any particular dataset.,5,5,5,,5,3,5,,5,5,5,5,5,5,5,5,5,5,,5,5,5,,5,5,5,,Coverage,,2016-04-12 13:18:02,2016-04-12 13:33:05,6c8734b512
398a4eac3293571c3b28402a37d76d8a,net,anonymised,anonymised,Ontology developer,Ontology user,Read papers on ontologies,,,An academic employee,,5,5,5,5,5,,5,5,5,,5,3,4,,5,5,4,,4,1,2,5,5,5,5,4,5,5,,5,5,4,,3,3,5,,Sustainability,,2016-04-12 14:00:16,2016-04-12 14:14:36,906be42819
399309d7494d3433a8b5303b1693405c,edu,anonymised,anonymised,Ontology developer,Ontology user,Read papers on ontologies,Author papers on ontologies,Review papers on ontologies,An academic employee,,5,5,3,5,4,,3,4,4,,5,5,3,,2,2,2,,3,1,1,4,2,1,3,3,4,2,,4,2,2,,2,1,3,,"The size, committment, and quality of community that is using it.",,2016-04-12 14:19:33,2016-04-12 14:23:08,086c4e1539
6e9cdb532bb5956be4177a80501bbc9a,com,anonymised,anonymised,Ontology developer,Ontology user,Read papers on ontologies,Author papers on ontologies,Review papers on ontologies,An academic employee,,5,4,5,5,3,,4,4,3,"The intended target audience is almost always a bit off, sometimes by a long shot. Audience and type of usage is typically hard to guess, for all standards.",2,4,5,"For scope, cf previous comment on audience.",5,3,3,,5,3,2,4,5,5,4,5,5,3,,5,5,4,,4,4,3,,Coverage,,2016-04-12 15:15:31,2016-04-12 15:21:20,1785693b0b
8ccd689e03b50e21b281f3d194d5388d,none,anonymised,anonymised,Ontology developer,Ontology user,Read papers on ontologies,Author papers on ontologies,Review papers on ontologies,An academic employee,,5,5,5,5,3,,5,4,5,"From an academic perspective, I would definitely want to know about existing competing ontologies but from a more general perspective, I would class this as slightly less absolutely barebones essential than the other aspects so far.",5,4,5,,5,3,4,"Depending on the size and scope of the ontology, this information might be more self-evident in some cases than in others. Should still be covered by level of detail will depend on ontology scope and subject.",5,3,5,5,5,5,5,4,5,5,,5,5,5,,5,5,5,,,,2016-04-12 15:04:23,2016-04-12 15:22:51,c5ad50b30e
14ae1b0ef54c86404e277d608284603d,com,anonymised,anonymised,Ontology developer,Ontology user,Read papers on ontologies,Author papers on ontologies,,,contractor,5,4,5,5,4,"I'm thinking that the basics cover information required to decide whether an ontology might be of use, so the maintainers and history are not quite so important as where to find it.]\",3,5,4,"Motivation for why an ontology is needed is usually a major part of an introduction/background section anyway and since most ontology papers include a certain amount of promotion, it isn't as critical in evaluating a paper.  The question of this ontology vs. a competing ontology is more important, not so much in the details, but that the authors are aware of the 'competition.'  Not knowing suggests a lack of thoroughness on the authors' part.",4,4,3,"Engagement is important if it is active, but I won't reject an ontology paper if engagement activities are in the 'ramping up' stage.   Email list and tracking information are important, but should be easy to find once the ontology has been located and tried (e.g., associated with or documented on the home page of the ontology or its repository).",5,3,4,"Details on construction important, but locating the raw data doesn't need to be in the publication as long as it can be found linked to the ontology home page or repository.",3,2,3,5,4,4,5,5,5,4,"Tools, shouldn't be important, and language only if nonstandard (e.g., Protege Frames, Common Logic, etc.)  Otherwise, content is important, but secondary to the question of where the ontology is and what is required to load/review it.  Conventions are important, but mostly to demonstrate that they are within reasonable standards and were followed.",4,5,5,"Sustainability is nice, but may be optimistic.  Ontologies shouldn't be tied to a specific project (might discourage potential reuse) - if they are, they should be described in the larger project context, rather than as publications on their own.",5,5,5,I wish there was more of this.,Responsiveness of the developers.,,2016-04-11 18:55:59,2016-04-12 17:47:52,59c433e519
a68f1498d57a24395ee51f610c9c8e0c,none,anonymised,anonymised,,Ontology user,Read papers on ontologies,,,An academic employee,,5,3,4,5,5,,2,2,3,,3,3,4,,2,4,1,,3,1,4,3,4,4,5,3,3,5,,5,4,5,,3,3,4,,The selection of properties used to describe an ontology class,,2016-04-13 08:02:52,2016-04-13 08:11:55,17556eb6c1
344207ccd1ebe29d8e4a603680bd08df,none,anonymised,anonymised,,Ontology user,,,,An academic employee,,5,5,5,5,5,,5,5,4,,4,5,5,,5,3,4,,3,3,4,4,3,4,4,4,4,4,,5,5,5,,4,4,4,,"actively developed, can get terms added if needed",,2016-04-13 13:00:11,2016-04-13 13:05:12,6321246a5a
92221d73fac45f40c26e5c9652874a76,uk,anonymised,anonymised,Ontology developer,,,,,An academic employee,,3,4,3,3,2,,3,4,3,,5,3,3,,5,4,4,,3,4,3,3,4,4,3,3,4,3,,4,3,3,,2,4,3,,Content of the ontology,,2016-04-13 14:20:16,2016-04-13 14:28:42,5f00db4dab
0612365893572648d41aebc3856c78a7,es,anonymised,anonymised,Ontology developer,Ontology user,Read papers on ontologies,Author papers on ontologies,Review papers on ontologies,A public sector/not-for profit employee,,5,5,5,5,2,For me a short description is quite basic as well. ,2,2,2,,3,2,5,,3,2,2,,3,2,2,4,3,3,3,3,3,3,,3,3,4,,5,5,4,,Availability in an ontology implementation language ,Great work! Looking forward to see the results and apply/reuse them.,2016-04-14 07:39:46,2016-04-14 07:47:03,a4a1914681
c0463886b035c1a2b28caea94fa16bc4,es,anonymised,anonymised,,,Read papers on ontologies,,,An academic employee,,4,5,5,5,4,,3,3,4,,3,3,3,,4,3,3,,4,3,3,4,4,5,4,4,4,3,,4,3,4,,3,3,5,,documentation,,2016-04-14 07:58:50,2016-04-14 08:21:13,5e16bbcb48
eb081932c9e08cdf43b871d22b496f55,es,anonymised,anonymised,Ontology developer,Ontology user,Read papers on ontologies,Author papers on ontologies,,A student,,5,5,5,5,5,,5,5,5,,5,5,5,,5,5,3,,5,5,5,4,5,5,4,5,4,4,,5,5,5,,5,5,4,,,,2016-04-14 08:58:56,2016-04-14 09:13:39,a449abbadf
7876b42ec1aa801bb4d7c0196691b878,none,anonymised,anonymised,Ontology developer,Ontology user,Read papers on ontologies,Author papers on ontologies,Review papers on ontologies,An academic employee,,5,5,5,5,5,,5,5,5,,5,5,5,,5,5,4,,5,4,3,4,4,5,5,3,5,4,,4,5,4,,5,4,5,,,,2016-04-14 10:45:20,2016-04-14 10:50:34,1109e3ac2d
a9c8812757606777f1080f4b1eb665cb,pk,anonymised,anonymised,Ontology developer,Ontology user,Read papers on ontologies,Author papers on ontologies,,A student,,3,4,2,4,2,,2,2,3,,4,,3,,3,3,3,"If there was prior version of ontology, it source may be specified. Plus, when it was updated, what concepts were added etc.",3,3,5,3,3,2,2,4,3,4,,2,3,2,,5,5,4,,Specific to my domain with sufficient number of concepts and properties,,2016-04-14 12:15:56,2016-04-14 12:27:57,031160b9e6
4b7ef5ee978d882a20e0eaf4b4d58bcf,none,anonymised,anonymised,Ontology developer,Ontology user,Read papers on ontologies,Author papers on ontologies,Review papers on ontologies,An academic employee,,4,4,5,2,2,,2,5,5,,5,3,3,,5,2,2,,2,1,1,3,2,4,2,4,4,2,,4,4,4,,5,5,5,,,,2016-04-14 13:25:08,2016-04-14 13:29:14,4a8604c3dd
4c0a9dc755c3cd510cb3cd470d6810c9,uk,anonymised,anonymised,Ontology developer,Ontology user,Read papers on ontologies,Author papers on ontologies,Review papers on ontologies,An academic employee,,5,5,5,5,4,,4,5,3,,5,3,5,,5,4,5,,5,3,4,5,5,5,5,5,5,5,,5,5,5,,5,4,5,,The extent of the documentation.,,2016-04-14 18:42:55,2016-04-14 18:49:40,92de3fc050
1812d66420c2c43a0dd1d9fb223adb43,none,anonymised,anonymised,,Ontology user,Read papers on ontologies,,Review papers on ontologies,A public sector/not-for profit employee,,1,5,5,5,5,"Full name is important, abbreviation is best left as a local decision depending on use.",5,5,5,,5,5,5,,5,5,3,,1,1,2,5,4,5,4,3,5,5,If you are using OBO it is probably a vocabulary not an ontology ;) ,3,4,3,,5,5,5,,,Can your ontology be used to infer any new and interesting 'facts',2016-04-15 07:38:35,2016-04-15 08:55:21,6c10e460f5
373ebb85b8bfee85233043a2fb97b082,com,anonymised,anonymised,Ontology developer,Ontology user,Read papers on ontologies,Author papers on ontologies,Review papers on ontologies,An academic employee,,5,5,4,5,3,"A title should be made available. A description should be made available. And also, the namespace prefix and namespace URI should be declared with the vann vocabulary, if possible.",3,2,4,,4,4,3,,4,4,5,,3,2,2,5,4,5,4,4,3,2,,4,4,4,,5,4,5,,"Derreferenceable with content negotiation, and well documented",,2016-04-17 18:28:06,2016-04-17 18:33:56,e3bec2406a
d569c08cd4a2d1ad7438da39e17977b7,ca,anonymised,anonymised,Ontology developer,Ontology user,Read papers on ontologies,Author papers on ontologies,Review papers on ontologies,,Consultant for academic/public sector/non-profit,5,4,4,5,4,,1,1,2,,3,3,4,,3,3,2,,5,1,2,4,2,3,3,4,4,3,,4,3,4,,3,2,4,,URIs that resolve,,2016-04-18 13:26:39,2016-04-18 13:32:16,a03622c2dd
4cbce673378b0174ca4c1b58a5129bd6,com,anonymised,anonymised,Ontology developer,Ontology user,Read papers on ontologies,Author papers on ontologies,,An academic employee,,5,5,5,5,5,,5,5,4,Use-case examples.,5,5,5,Email list and issue tracking should be included in the basics.,5,4,4,,4,4,4,4,5,4,5,3,5,4,,5,5,5,,5,5,5,,Interoperabililty.,,2016-04-19 15:20:46,2016-04-19 15:33:07,15b48d2fb4
5ebd176a6bd835205bfba8767f8bbbfb,com,anonymised,anonymised,Ontology developer,Ontology user,Read papers on ontologies,Author papers on ontologies,Review papers on ontologies,An academic employee,,5,1,4,3,4,,5,3,3,,4,3,2,,3,3,2,,5,2,3,4,3,3,5,5,5,5,,4,3,3,,4,5,5,,,,2016-04-15 08:37:00,2016-04-20 06:44:00,cd3dee39e4
d176050900b0c650483f16cf3c34fb6e,com,anonymised,anonymised,Ontology developer,,Read papers on ontologies,Author papers on ontologies,,,Lecturer in the University,5,5,5,5,3,Ontology visualization on the page is important.,3,4,2,,4,4,4,,2,5,1,,4,5,5,1,4,4,4,4,5,5,,3,4,2,,1,1,2,,,,2016-04-20 07:17:15,2016-04-20 07:26:43,4905f82fb9
c84ac4dd2c8c8d2e1beab783a50e4af6,none,anonymised,anonymised,Ontology developer,Ontology user,Read papers on ontologies,Author papers on ontologies,,An academic employee,,5,4,4,2,1,,4,5,4,,3,3,2,,4,4,5,,2,2,1,3,4,5,4,5,4,3,,2,2,2,,3,5,4,,,,2016-04-20 09:58:38,2016-04-20 10:34:24,4905f82fb9
607fc2592f7f0ca1bcce19f457677f2a,none,anonymised,anonymised,,,,Author papers on ontologies,,An academic employee,,4,5,3,5,5,"In my opinion, one of the most important basic ontologies features is its dereferenceability, so that machines can easily access and use the ontology automatically",3,3,4,,4,5,4,Support and maintenance of an ontology is of the utmost importance in order to implement this ontology in serious applications.,2,2,2,,5,5,5,5,5,5,5,4,4,5,The content should be as self-descriptive as possible so no external references are required,5,5,5,,4,5,5,"There are prominent tools for assessing the quality of an ontology, e.g., OntoClean. It would be nice to satisfy all the requirements of the highest quality.",Level of details described,,2016-04-20 08:07:33,2016-04-20 12:29:07,1083d5010c
03ce83a30f7d43d96165df99f0e9b137,org,anonymised,anonymised,Ontology developer,Ontology user,Read papers on ontologies,Author papers on ontologies,,An academic employee,,5,5,3,5,4,If the ontology is under current development or is static.  ,3,3,3,,4,4,5,,3,3,4,,5,3,3,5,3,5,4,4,5,3,,4,4,4,,5,5,5,,How much overhead does using this ontology add to my workload.  Will it solve more problems then it creates.,Choosing to use an ontology as a developer has a different set of requirements to using it as a consumer.  As a developer I want an ontology I x-reference to be developed using best practices and be maintained.   As a consumer I want the terms I need for annotation there quickly and to be simple to find.,2016-04-20 22:13:02,2016-04-20 22:22:16,1e20f0c686
1afa408b32daa5d55e6041b86f037241,none,anonymised,anonymised,,Ontology user,Read papers on ontologies,Author papers on ontologies,Review papers on ontologies,An academic employee,,3,3,3,2,3,,2,1,2,,3,2,3,,4,5,2,,3,3,3,3,3,3,3,3,3,3,,2,4,3,,5,4,5,,coverage,,2016-04-20 22:58:01,2016-04-20 23:02:06,9c113bdc94
4f6fb0b6f72af890f9119b2064f84d7c,com,anonymised,anonymised,Ontology developer,Ontology user,,,,A private sector employee,,4,4,5,4,5,,2,4,4,,4,3,4,,5,5,5,,4,4,5,4,5,5,4,4,5,4,,3,4,4,,5,3,5,,completeness (at least not gross ignorance),,2016-04-26 12:25:34,2016-04-26 12:30:59,247ae6b8cf
29431f01d6464aa68deeaaa4fd796bb9,none,anonymised,anonymised,,Ontology user,,,,An academic employee,,5,5,5,5,5,Important to understand the process for requesting updates to an ontology.,4,4,4,,3,4,5,,4,4,2,,4,1,1,4,4,5,5,3,4,2,,5,5,3,,4,4,5,,Does it cover things I need?,,2016-04-26 12:30:01,2016-04-26 12:33:32,c78d5ed8ea
a5f02207922bfd24579a6e47eca87e47,com,anonymised,anonymised,Ontology developer,Ontology user,Read papers on ontologies,Author papers on ontologies,Review papers on ontologies,An academic employee,,5,5,5,5,5,,3,4,4,Orthogonality is nice but should not prevent ideas from being explored.  Requiring proof of orthogonality will ultimately stifle ontology development.  Encouraging orthogonality however is highly recommended.,4,4,5,Ultimately one or a few individuals champion the day-to-day curation of an ontology.  Specifics as to the editor/editorial panel might be useful.,3,5,4,,5,5,4,4,5,4,5,4,4,4,,3,5,3,"Deprecation is hugely important.  Understanding why we do this (deprecate) should be required for those developing ontologies, absence of information on this suggests the ontology authors may not fully appreciate its importance.",3,3,3,"Quality, utility etc. may evolve over time, it's not as critical to demonstrate both the ontology and utility, and in fact at the outset impossible in many cases.","Number of contributors/""commits"".  This is a proxy to the by-in, and health of the ontology.",,2016-04-26 14:12:39,2016-04-26 14:22:41,592750d1ad
e602297fbd2aa292309ebc7211821f68,none,anonymised,anonymised,Ontology developer,Ontology user,Read papers on ontologies,Author papers on ontologies,Review papers on ontologies,An academic employee,,5,2,5,5,3,,2,4,3,,5,3,1,,1,1,2,,3,1,5,2,5,4,5,3,5,5,,3,3,3,,5,5,3,,,,2016-04-27 12:55:57,2016-04-27 12:59:59,be6ba655ed
e678e49be295cd7a7dc8f912ff40b732,none,anonymised,anonymised,Ontology developer,Ontology user,Read papers on ontologies,,,An academic employee,,5,5,5,5,5,,4,3,5,,5,4,5,,4,2,4,,4,2,4,5,4,5,5,4,3,4,,5,5,4,,3,5,3,,Interoperability,,2016-04-27 13:20:53,2016-04-27 13:28:44,c80ea8c867
9a4f1181ecf48933806ec4c0c9ff68a9,none,anonymised,anonymised,,Ontology user,Read papers on ontologies,Author papers on ontologies,,,,3,4,5,5,3,,4,3,3,,3,3,4,,5,5,4,,4,4,2,3,2,2,3,4,3,4,,4,3,2,,4,5,5,,Degree of interdisciplinarity,,2016-04-27 13:23:41,2016-04-27 13:33:24,fd3bea6acd
a8e74ca1d435d597f5a13b8f743068d5,none,anonymised,anonymised,,,,,,An academic employee,,5,5,5,5,5,,5,5,5,,5,4,4,,5,3,4,,5,2,5,5,5,3,4,3,3,3,,1,4,3,,4,3,3,,,,2016-04-27 13:42:33,2016-04-27 13:46:12,97da0032e8
dd7fc058f3465bb945a7f577c1550751,edu,anonymised,anonymised,Ontology developer,Ontology user,Read papers on ontologies,Author papers on ontologies,Review papers on ontologies,An academic employee,,5,5,5,5,5,Version of imported external ontologies,5,5,5,,5,5,5,,5,5,5,,4,4,4,5,4,5,4,5,5,5,,5,5,5,,5,5,5,,scope and quality,,2016-04-27 13:34:08,2016-04-27 13:49:51,dbfb42bbe7
adfaea85949fdd98faa163a9a51745b8,none,anonymised,anonymised,Ontology developer,Ontology user,Read papers on ontologies,Author papers on ontologies,Review papers on ontologies,An academic employee,,4,4,4,5,4,,5,4,4,,4,5,1,,3,4,3,,4,1,5,4,4,3,3,2,3,5,,3,2,1,,2,4,4,,Suitability for use in my specific problem at-hand,,2016-04-27 13:51:02,2016-04-27 13:58:07,7f38906b15
20372827e3579d74e601331823b38d74,none,anonymised,anonymised,Ontology developer,Ontology user,Read papers on ontologies,,Review papers on ontologies,A private sector employee,,5,5,5,5,5,Some information on usage.,3,4,4,,4,4,4,,3,2,2,,4,2,3,4,3,4,4,4,4,4,,5,4,4,,3,2,5,,Standardization,,2016-04-27 13:53:49,2016-04-27 13:59:26,82cdeb3fb7
138c6993d0c48ae1a51b11f073ea0ac5,gov,anonymised,anonymised,,,,Author papers on ontologies,,,,5,,5,5,5,Please include all W3C recommendations for annotating ontologies,5,5,3,Not as important as the use cases that need to be addressed first.,5,3,4,Not all ontologies are developed by a community though it may be intended for a community.,4,5,3,"It appears that there is an assumption that knowledge must be elicited. Oftentimes, it is gathered from official documents.",5,,3,3,5,4,5,5,5,3,"Need to add annotation properties to accommodate synonyms, abbreviations, acronyms, etc. ",5,5,5,Please refer to W3C recommendations even when OBO is used,5,5,5,Use of OWL-DL reasoning for consistency checking and inferencing,"Consitent, Concise, and Complete (with definitions)",Please send a summary report on what I have entered. liju.fan@ofr.treasury.gov,2016-04-27 13:46:03,2016-04-27 14:26:03,06ce5738dd
2635150d94b6e516f69ae3162fe3245c,uk,anonymised,anonymised,Ontology developer,Ontology user,Read papers on ontologies,,,An academic employee,,5,3,5,4,4,,3,4,5,,4,3,2,,3,3,4,,4,2,5,5,4,5,4,3,4,3,,4,4,5,,4,3,3,,Uptake by other data providers.,,2016-04-27 14:22:12,2016-04-27 14:31:01,8b3430b6f5
b390e65b59466e1b3aaedcdd6585d2eb,edu,anonymised,anonymised,Ontology developer,Ontology user,Read papers on ontologies,Author papers on ontologies,Review papers on ontologies,A public sector/not-for profit employee,,5,5,5,5,5,,4,4,3,,5,5,4,,4,5,4,,5,5,3,4,5,5,5,5,5,5,,4,5,4,,5,5,4,,compatibility with other major ontologies/vocabularies,,2016-04-27 13:58:11,2016-04-27 14:48:43,f9686c65d7
10f38c328ff48406631ee450f7a13c6c,gr,anonymised,anonymised,Ontology developer,,,,,An academic employee,,4,5,5,4,5,,3,4,4,,4,4,4,,4,4,4,,5,4,5,4,5,5,5,5,5,4,,4,3,5,,5,5,5,,,,2016-04-27 14:15:56,2016-04-27 14:49:06,dce3f4baae
9748f1b759532012ee91b000785ba1c3,org,anonymised,anonymised,,Ontology user,Read papers on ontologies,Author papers on ontologies,,A public sector/not-for profit employee,,5,5,5,5,3,,,3,4,,3,4,3,,3,3,3,,4,3,5,5,3,4,3,5,4,5,how can every class in an ontology have a parent (showing my ignorance!)?,4,5,5,,3,5,5,,applicability to my job,,2016-04-27 14:56:49,2016-04-27 15:13:11,ca39f83d5d
7f361876b1e6482cb29cf3f6f79f68bd,com,anonymised,anonymised,Ontology developer,Ontology user,Read papers on ontologies,Author papers on ontologies,Review papers on ontologies,A public sector/not-for profit employee,,3,5,3,5,3,,4,3,4,,3,4,3,,4,3,,,3,3,3,5,4,4,4,5,5,5,,4,4,3,,3,4,4,,,,2016-04-27 16:11:38,2016-04-27 16:19:05,bcffbb3950
f94e8bf7cd381cae48604244dfd92be8,uk,anonymised,anonymised,,,Read papers on ontologies,Author papers on ontologies,Review papers on ontologies,An academic employee,,4,4,5,5,5,,4,4,4,,4,4,3,,3,3,3,,4,4,2,5,4,2,4,3,2,2,,2,2,2,,3,4,4,,Set of terms covered,,2016-04-27 16:16:28,2016-04-27 16:22:15,f027a998e8
edd3a816ffd3f15014eef8ad8573df9e,edu,anonymised,anonymised,Ontology developer,Ontology user,Read papers on ontologies,Author papers on ontologies,Review papers on ontologies,An academic employee,,5,4,4,4,4,,5,4,4,,4,3,3,,3,3,3,,4,3,2,3,3,3,4,4,4,3,,2,3,3,,2,4,2,,Completeness of the ontology for a particular application in a particular domain.,"The web interface for this survey has problems with the multiple choice question (creator, user, writer, ...). On a flat screen monitor the difference between selected and un-selected is very difficult to see as the color change is subtle and sensitive to viewing angle. I am really not sure what answer was submitted (I intended checking them all).",2016-04-27 16:32:18,2016-04-27 16:41:54,81c95457ce
4e90ba734f62965ccec75eaaf38dd129,none,anonymised,anonymised,Ontology developer,Ontology user,Read papers on ontologies,Author papers on ontologies,,An academic employee,,5,5,5,5,3,,5,4,4,,5,4,4,,4,4,4,,5,5,4,5,5,4,4,4,4,4,,4,4,3,,4,4,5,,,,2016-04-27 16:52:57,2016-04-27 16:58:39,50a32abd87
0e7d1eb77b222de8b6f4b8261e941156,none,anonymised,anonymised,,Ontology user,Read papers on ontologies,,Review papers on ontologies,An academic employee,,5,5,4,5,5,,4,3,4,,4,3,4,,3,2,3,,3,2,5,5,5,4,5,4,4,5,,4,4,4,,3,4,4,,,,2016-04-27 16:50:04,2016-04-27 17:00:37,5941dc9115
741d33242e1b42a5db3c03b365002671,edu,anonymised,anonymised,Ontology developer,Ontology user,Read papers on ontologies,Author papers on ontologies,Review papers on ontologies,A student,,5,5,5,5,5,,5,5,5,,4,4,5,,4,4,4,Not sure what you mean by 'features' in Q21.,5,3,5,4,5,5,5,5,5,5,,4,4,4,,4,4,4,,"its quality in terms of completeness, comprehensibility and completeness",,2016-04-27 14:13:24,2016-04-27 17:14:45,98d7de3d51
aaa613da1faff528f3ff443c7c9dee27,net,anonymised,anonymised,,,,,,,,5,3,4,5,2,,3,3,3,,4,4,2,,5,3,4,,4,3,3,4,3,4,3,5,4,4,,3,2,2,,4,4,4,,,,2016-04-27 17:51:59,2016-04-27 18:02:13,a864073a41
894ff9bd242e2ea83ac9437d7f4b668b,edu,anonymised,anonymised,Ontology developer,Ontology user,Read papers on ontologies,Author papers on ontologies,Review papers on ontologies,An academic employee,,5,5,3,5,3,"Useful to know when was the last release, and if the development is still active.",2,1,5,Who is using it and for what purposes would more useful information.,3,4,5,"Not sure what ""motivation for the ontology"" means. Knowing which kind of tools are used for the development/application of the ontology would be useful (reasoner, query engines, etc.)",2,1,1,"From the perspective of an ontology user, I would not care so much how the knowledge elicitation was done. As a reviewer, I would. The aspects really depend on the actor.",5,4,4,4,5,5,4,3,3,4,,5,4,4,Having the public location for the diffs across versions would be useful.,3,3,5,I don't think a regular ontology user will really care about the QA process. A reviewer certainly would.,If it has a backing by a serious communnity/institution.,,2016-04-27 19:53:45,2016-04-27 20:07:54,3cee7f3ee2
eff043b01e8246ce966863333e1d8dd1,com,anonymised,anonymised,Ontology developer,Ontology user,Read papers on ontologies,Author papers on ontologies,Review papers on ontologies,,Consultant,5,5,5,5,5,Is the ontology under active development? When was it last updated? ,3,5,4,,3,4,4,How is it being used by the community? i.e. what kind of applications.,4,3,3,,5,3,5,5,3,3,5,5,5,5,How did the different parts of the ontology relate to the application in which it was used/developed for.,5,4,4,,4,5,5,"Does it classify? Seems like a no brainer, but there are too many 'ontologies' in the wild that don't. ",How did the ontology support the use case for which it was used? ,,2016-04-27 20:12:27,2016-04-27 20:27:57,fff78325e5
1edd14433e565569d90f847ae01c342f,edu,anonymised,anonymised,Ontology developer,Ontology user,Read papers on ontologies,Author papers on ontologies,Review papers on ontologies,A public sector/not-for profit employee,,,,,,,,,,,,,,,,,,,,,,,,,,,,,,,,,,,,,,,,"The questions above are all trying to ascertain the importance of a given aspect of an ""ontology report"".  Unfortunately, I have no idea what an ontology report is, and, as such, am at a bit of a loss about how to answer the questions.  ",2016-04-27 20:18:01,2016-04-28 03:46:50,8e09d2d15e
7dd7b2e153a39dec557e08de1015fed0,none,anonymised,anonymised,Ontology developer,Ontology user,Read papers on ontologies,Author papers on ontologies,Review papers on ontologies,An academic employee,,5,5,4,4,4,,3,3,4,,5,4,3,,3,3,3,,2,3,5,5,4,4,3,4,3,3,,3,4,3,,3,4,5,,coherency,,2016-04-28 08:48:53,2016-04-28 09:48:04,6558bd2372
05dbfb921796406fde4700cbd7d636c4,none,anonymised,anonymised,Ontology developer,,,Author papers on ontologies,,An academic employee,,5,5,3,5,5,,5,5,5,,4,4,3,,4,2,1,,5,2,2,1,2,2,3,4,4,3,,1,1,2,,1,2,2,,Does it follow OBO Foundry principles and use an upper ontology (like BFO) so that it can be interoperable with my ontologies and the large number of imported terms from other ontologies used in mine.,,2016-04-28 12:33:19,2016-04-28 12:40:07,50c86484bb
c338c7771517d7761155bd142ad726ce,org,anonymised,anonymised,Ontology developer,Ontology user,Read papers on ontologies,Author papers on ontologies,Review papers on ontologies,An academic employee,,5,5,5,5,5,,4,4,4,,5,4,4,,5,4,4,,5,5,4,3,3,4,4,4,4,4,,4,3,4,,3,5,3,,"I don't think an ontology can be evaluated based on one thing. It must have a sensible hierarchy, but I would not use it on that alone (SWEET ontologies have a sensible hierarchy, but I don't use them","Everything you mentioned here is important and should be included in an ontology report. However, I gave some slightly lower scores, to give a sense of priority. Also, for a few of the characteristics, although they are generally important, I can imaging cases where they might not be needed.",2016-04-28 15:46:58,2016-04-28 15:56:59,f84d8b9216
89e2bd3bbd97cc8c62bc92c0c6a62d7b,fr,anonymised,anonymised,,Ontology user,Read papers on ontologies,Author papers on ontologies,Review papers on ontologies,An academic employee,,5,5,4,5,4,I have tons of other metadata I wish to see in an ontology. I am currently writting a paper about a review we have made about ontologies metadata. We need to talk ;),4,4,4,There are a few semantic web vocabularies available for this.,5,4,4,Many.,3,3,3,Any provenance information is interested. We have isolated 6 properties from PROV in particular.,5,4,4,5,4,3,3,5,4,4,The relations to other ontologies are particulary important. We have isolated 21 possible types of relations in our study.,5,4,5,"Some of these metdata cannot be plan upfront, but at least they could be ""computed""... e.g., we can say the frequency of update of an ontology after 2-3 years of existence. Thus, I do believe being able to store these metadata is important, however, I do not think this is something you can actually report on when you releae the ontology (the first time).",4,4,5,"Giving exemples of use is according to me more important than QA measure. People will figure out if this is good or bad if they understand what is the ontology for. QA measures can be so different one from another, than it might just be useless to compare/count on them.","Which organisation endorse the ontology (W3C, FAO, WHO, etc.)","We need to talk. We have identified several groups of interested community/organization ready to reopen the box of describing ontology metadata (e.g., Stanford, FAO, INRA, etc.)",2016-04-28 21:23:37,2016-04-28 21:39:15,36bd468d90
48d6a5841528f392811329c4a434a3e6,edu,anonymised,anonymised,Ontology developer,Ontology user,Read papers on ontologies,Author papers on ontologies,Review papers on ontologies,An academic employee,,5,4,5,3,5,"To me the most important thing is to point at the actual ontology artifact rather than a homepage; from the artifact, the contributors can be derived.",3,5,4,"For new ontologies reported in the literature, high quality justification is needed. I read a lot of papers that I reject that lack this. Don't ontologize for the sake of ontologizing! ",4,3,5,"An ontology without a tracker is useless as a community resource. Most ontologies do not perform adequate requirements analysis, and fundamentally this is how we know it is meeting specific needs.",4,5,4,I think competency questions and requirements analysis is often missing. Also often missing is data showing the ontology in action.,3,3,2,5,4,5,5,2,4,5,"The most important things to me content wise are: quality and consistent axiomatization, versioning, and human readable text descriptions/definitions. ",2,5,5,We desperately need better versioning tools for complex imports.,5,5,5,"I don't feel that most ontology evaluations that I am privy to are adequate. For example, the OBO Foundry inclusion requires evaluation, but some of the Foundry ontologies are way behind the times and don't meet current standards. Also, when I review ontology papers I am often shocked at how often the ontology is not available or doesn't meet current best practices, yet they are often published anyway, as if other reviewers are not reviewing the ontology itself?",Ability to classify the data that I need classified along multiple axes.,"Thanks for doing the survey, I hope that it helps our community do better.",2016-04-29 14:17:15,2016-04-29 21:29:20,a161f63191
e4b3921efffff00880843e13a0022c51,uk,anonymised,anonymised,,Ontology user,Read papers on ontologies,Author papers on ontologies,Review papers on ontologies,An academic employee,,5,5,5,5,4,,4,5,4,,5,5,3,,5,4,4,,5,3,4,4,4,4,4,5,5,4,,4,3,3,,5,5,5,,Broad acceptance within the community so that results got from using it can be put in context and compared and contrasted with other people's work.,,2016-05-02 08:56:14,2016-05-02 09:00:44,80d4376dd0
c766a92e05a3c05427f05fc1dbbbb370,uk,anonymised,anonymised,,Ontology user,Read papers on ontologies,Author papers on ontologies,Review papers on ontologies,An academic employee,,5,5,5,5,5,,5,5,5,,,5,4,,5,5,4,,5,2,5,5,5,5,5,5,5,4,,5,5,5,,5,5,5,,Who is using it ,Tools. Are there any tools that exploit the ontology to do something useful,2016-05-02 11:49:47,2016-05-02 12:03:01,61a251ebc2
e3f9c3b099a9f74e88b771aaabe760b7,none,anonymised,anonymised,Ontology developer,Ontology user,,Author papers on ontologies,,An academic employee,,5,5,5,5,5,"Plus ways to contribute, suggest, request changes...",3,2,1,,3,4,4,,3,1,2,,2,1,1,5,2,3,3,1,1,1,,3,4,5,,2,3,4,,"Is it ""enumerating"" the concepts within its target portion of the reality, or is it defining an application-specific data model?","I missed a question about how important an ""information standard"" about an ontology would be. One star. However, that doesn't mean that the proposed types of information wouldn't be useful. I just don't see a need of (yet again) trying to prescribe (and bias) them.",2016-05-02 12:51:05,2016-05-02 13:07:43,459977444a
1c898a5545e2d05437b49622eee426d8,none,anonymised,anonymised,,Ontology user,Read papers on ontologies,,,A public sector/not-for profit employee,,5,3,4,5,5,,5,3,4,,4,3,2,,5,4,3,,3,2,2,3,2,4,3,4,5,4,,3,2,5,,5,5,3,,,,2016-05-02 13:08:59,2016-05-02 13:16:41,692bc06670
b1a9544a5010812adf54ef8e0783b2f9,uk,anonymised,anonymised,Ontology developer,Ontology user,Read papers on ontologies,Author papers on ontologies,Review papers on ontologies,An academic employee,,5,5,5,5,5,,3,5,4,,4,3,5,,4,3,4,,4,5,3,5,5,4,3,5,5,4,,5,5,5,,4,3,4,,Community acceptance,,2016-05-02 13:15:15,2016-05-02 13:23:17,ace5ad9e06
dcd8c8ca9ca4e24854777036c8d56707,nl,anonymised,anonymised,,Ontology user,Read papers on ontologies,,,An academic employee,,5,4,5,5,4,,4,5,3,,4,3,2,,5,4,4,,4,3,3,5,2,5,3,5,4,4,,5,5,5,,4,4,3,,Fit for purpose,,2016-05-02 13:59:43,2016-05-02 14:05:10,2ceb5dcdec
92159f73f859f7a3855ef7f5c08a43de,none,anonymised,anonymised,,Ontology user,Read papers on ontologies,,,A public sector/not-for profit employee,,4,4,2,4,4,,4,3,4,,4,4,3,,5,3,4,,5,4,4,4,4,4,2,4,4,4,,4,4,4,,3,3,3,,,,2016-05-02 14:20:38,2016-05-02 14:26:31,8c9d864a94
01767840fd06639d089cf8f2e4bc019f,edu ,anonymised,anonymised,Ontology developer,Ontology user,Read papers on ontologies,Author papers on ontologies,,An academic employee,,4,5,5,5,4,,5,5,5,,5,5,3,,5,2,3,,4,3,3,3,3,3,3,3,4,3,,3,3,3,,3,3,4,,Completeness of coverage for specified domain ,"Thanks for doing this. Being a relative outsider,  I feel very strongly that this  field desperately needs some ""rules of engagement"".  Let  me know if I can participate further...very interested in this topic. ",2016-05-02 17:03:24,2016-05-02 17:19:16,6e1b769807
e48762a5b8a97a38bbdaf1c72adcd6cf,none,anonymised,anonymised,,,,,,A student,,5,5,5,5,3,"I like seeing ontologies in protégé desktop, but I have found some of them that rise errors like this
 File not found: http://www.scai.fraunhofer.de/NDDcommon

I'm still not sure what that means, but I think it uses files that are not available where they should be. So I would like ontologies to be ready to be loaded to protégé, or maybe that It can be explored on the web page fully, i.e., that relations other than is_a and logical axioms can be seen on the web page.",5,5,5,,5,5,5,,5,4,5,,5,5,5,5,5,4,5,5,5,5,,3,3,3,,5,5,5,,It is a true and accurate representation of reality. ,,2016-04-29 18:31:37,2016-05-02 17:41:55,46f62ac466
2df187454391dccc601fd9669abd943d,none,anonymised,anonymised,Ontology developer,Ontology user,Read papers on ontologies,Author papers on ontologies,Review papers on ontologies,An academic employee,,5,5,4,4,3,,4,4,4,,4,3,3,,4,5,4,,5,4,4,4,4,3,5,4,4,2,,3,4,3,,2,3,2,,Whether it complies with OBO Foundry principles and interoperates with other OBO Foundry ontologies.,,2016-05-02 19:17:47,2016-05-02 19:23:02,f37b4b8610
d07569ee4edb88f564297097d5863015,none,anonymised,anonymised,Ontology developer,Ontology user,Read papers on ontologies,Author papers on ontologies,Review papers on ontologies,An academic employee,,5,5,5,5,5,,5,5,5,,5,5,5,,4,3,3,,4,5,5,5,4,4,5,4,5,4,,5,5,5,,4,4,5,,"one thing is hard to choose. these are all factors that are important: classes and relationships used, availability,  scope in how it applies to what i need it for",,2016-05-02 19:26:07,2016-05-02 19:34:13,332a9b8d16
5fde376f53ecb25e01cc890376694dfa,com,anonymised,anonymised,Ontology developer,Ontology user,Read papers on ontologies,Author papers on ontologies,,An academic employee,,5,5,5,5,3,"If previous repositories are included, justifications on why something was changed should be included as well.",5,5,5,"A crucial component for ontology development is working with users during the creation process. While an ontology can be built by academics because there is a niche interest, many users don't even realize that an ontology is a missing component in their decision-making process. ",3,3,3,"I think the ""why"" of the scope and requirement is important, if I am understanding the question correctly. Issue tracking is, of course, very important but not for a publication.",5,5,5,"Again, the ""why"" for prioritization. Also, if raw data is included, notes on interoperability success or issues would be very helpful.",4,4,4,4,5,3,3,3,5,4,"I wish there was a ""depends on the audience option""! As someone who is more familiar with applications of ontologies (yet developing more understanding of its their inner workings), too much detail on content be a bit tedious. However, if the report/publication is for ontology developers, the above information is helpful.",5,3,3,"The ""why"" again for ontology entities no longer dealt with. Why is there no more need? Has it been replaced or was the entity irrelevant, conceptually wrong, or dysfunctional?",5,5,5,"I want to give the ""who is using it and how"" 10 stars! Maybe a ""What was learned from using this ontology?"" ""What problems were solved and how?""","Is it user-friendly? Do I feel intelligent using it or do I feel like everything needs to be explained to me? Also, a tie with, is it interoperable with other ontologies?",,2016-05-02 22:56:00,2016-05-03 00:06:11,bb4a8e30f0
74a3e43cb48c3aa835f7d03a52c590da,de,anonymised,anonymised,Ontology developer,Ontology user,Read papers on ontologies,Author papers on ontologies,Review papers on ontologies,An academic employee,,5,4,3,5,2,,4,5,3,,4,4,5,,5,3,4,,5,5,3,4,4,4,5,4,4,3,,4,4,4,,5,4,5,,if it fits my requirements,,2016-05-03 13:32:20,2016-05-03 13:40:23,ad12c52f2c
baa836191e7930986f71f7f725d9a392,none,anonymised,anonymised,Ontology developer,Ontology user,Read papers on ontologies,Author papers on ontologies,Review papers on ontologies,An academic employee,,5,4,3,5,4,,5,5,5,,5,5,2,,3,4,4,,3,1,4,5,4,3,4,4,5,4,,4,3,3,,4,5,4,,,,2016-05-04 10:43:26,2016-05-04 10:51:13,40d40df017
c19e9e08cc2015ebad49ae2b72f06b33,edu,anonymised,anonymised,Ontology developer,Ontology user,Read papers on ontologies,,,An academic employee,,5,4,5,5,4,,4,4,4,,5,4,4,,3,2,3,,5,1,3,3,3,4,3,4,4,4,,4,4,3,,3,3,5,,A look at the ontology itself.,,2016-05-05 05:23:39,2016-05-05 17:49:11,cbf89ff0bc
a73ddb06fd3daae569a45e965dae5443,com,anonymised,anonymised,,Ontology user,Read papers on ontologies,,Review papers on ontologies,A private sector employee,,5,5,5,5,4,Some documentation including examples of how and when the ontology should be used,5,5,4,,4,2,4,"The motivation for most new ontologies is that ""the ontology available in the public domain did not fit the specific needs"".  I would find it interesting to include information about the outreach done to the other ontologies owners AND their response to the request to for adaption of the currently available ontology to the specific need.  This would more clearly define the gaps in the environment.",3,2,4,,4,1,4,5,5,5,4,3,5,4,,2,2,3,,3,4,5,,the fit with my specific use case,,2016-05-06 05:44:38,2016-05-06 06:18:54,7c396c0ca2
b9cbeada37965a3592faf973a6fc569a,none,anonymised,anonymised,Ontology developer,Ontology user,Read papers on ontologies,,,A private sector employee,,5,5,5,5,4,,4,4,5,,4,4,4,,3,3,4,,3,4,3,4,4,4,3,3,4,3,,5,5,4,,2,2,3,,fitness for purpose (that means does it fit my requirements),,2016-05-06 10:07:47,2016-05-06 10:12:29,7276449ea9
fbab9f4297cc2068f488bd67e2dd7fc1,nl,anonymised,anonymised,Ontology developer,,,,Review papers on ontologies,A public sector/not-for profit employee,,4,5,5,5,4,,5,4,5,,5,3,3,,5,3,4,,5,3,3,3,3,4,4,5,5,5,,4,4,4,,4,5,4,,The soundness of the ontology against the intended conceptualisation.,,2016-05-09 08:53:22,2016-05-09 09:00:34,72bee1da4f
1591b5d028c23fae7116aebef6fc6d7b,fr,anonymised,anonymised,,Ontology user,Read papers on ontologies,,,An academic employee,,4,4,4,4,2,,4,4,3,,3,3,3,,3,3,3,,3,3,3,3,4,4,4,3,3,3,,2,3,3,,2,2,2,,number of projects already using this ontology,,2016-05-09 10:37:13,2016-05-09 10:40:42,81ea237400
89cbcd1933d66b1aab02557912936a0f,none,anonymised,anonymised,Ontology developer,Ontology user,Read papers on ontologies,Author papers on ontologies,,An academic employee,,5,5,5,5,5,,3,4,3,,5,3,5,,2,2,1,,5,1,3,4,3,4,4,1,4,3,,4,4,3,,2,1,1,,"Apart from it being well maintained - the domain (region of life sciences) and whether all (or most) of the classes are actually in this defined scope.  Sorry, that's two. :)",,2016-05-09 13:52:26,2016-05-09 13:59:44,27dd8a629e
f00b9647b182080742d6a1334bb4e71e,com,anonymised,anonymised,,Ontology user,Read papers on ontologies,,Review papers on ontologies,An academic employee,,5,5,5,5,5,,3,4,4,,4,3,5,,3,2,3,,2,2,3,5,1,5,5,5,5,3,,3,4,5,,5,4,4,,coverage of my application domain,,2016-05-09 17:03:13,2016-05-09 17:11:42,171b87fd77
736606c31713718430494d994a123538,it,anonymised,anonymised,Ontology developer,Ontology user,Read papers on ontologies,Author papers on ontologies,,A student,,5,5,5,5,3,,1,3,5,I believe that the most important information on the motivation section is the actual application of the ontology. Was it developed for data publication? For interoperability? For the development of a knowledge-based system?,5,3,3,,4,5,2,,5,1,4,5,3,2,5,5,5,5,,4,5,4,,3,5,5,,,,2016-05-09 18:33:30,2016-05-09 18:47:02,77bb6d64ec
99f1263c42d300a37cbc231548d77cc4,net,anonymised,anonymised,Ontology developer,,Read papers on ontologies,Author papers on ontologies,,,Ontology Consulting Company Owner,3,5,5,5,2,,3,3,5,,4,5,5,,4,4,3,,5,3,1,2,1,1,1,5,3,,Didn't understand question 32,5,3,4,,5,5,5,,Large data base using the ontology,I found the questions hard to answer. It seems everything is relevant but requiring all of it in an article seems unfeasible and harsh for students in particular.,2016-05-11 16:01:10,2016-05-11 16:14:31,99d40895f3
245cdf9ef3f6893bd1e3b51a979f9f38,jp,anonymised,anonymised,Ontology developer,Ontology user,Read papers on ontologies,,,An academic employee,,4,4,4,4,4,Use case (if any),4,4,4,,4,3,4,,3,4,3,,4,3,3,4,4,3,4,3,3,3,,4,4,4,,4,3,4,,Examples of the ontology's usage.,,2016-05-12 03:15:19,2016-05-12 03:24:55,7a44ce56fe
